{
    "type":"minecraft:chest",
    "pools":[
        {
            "rolls":{
                "min":1,
                "max":2
            },
            "conditions":[
                {
                    "condition":"minecraft:random_chance",
                    "chance":1.0
                    }
            ],
            "functions":[
                {
                    "function":"set_lore",
                    "lore":[
                        "MAHOU"
                    ]
                }
            ],
            "entries":[
                {
                    "type":"minecraft:item",
                    "name":"minecraft:firework_rocket",
                    "functions":[
                        {
                            "function":"minecraft:set_nbt",
                            "tag":"{display:{Name:'{\"text\":\"烟花\",\"color\":\"gold\",\"italic\":\"flase\"}'}}"
                        },
                        {
                            "function":"minecraft:set_count",
                            "count":{
                                "type":"uniform",
                                "min":12,
                                "max":32
                            }
                        }
                    ],
                    "weight":10
                }
            ]
        },
        {
            "rolls":{
                "min":0,
                "max":1
            },
            "conditions":[
                {
                    "condition":"minecraft:random_chance",
                    "chance":1.0
                    }
            ],
            "functions":[
                {
                    "function":"set_lore",
                    "lore":[
                        "MAHOU"
                    ]
                }
            ],
            "entries":[
                {
                    "type":"minecraft:item",
                    "name":"minecraft:totem_of_undying",
                    "functions":[
                        {
                            "function":"minecraft:set_nbt",
                            "tag":"{display:{Name:'{\"text\":\"不死mahou\",\"color\":\"red\",\"italic\":\"flase\"}'}}"
                        }
                    ],
                    "weight":10
                }
            ]
        },
        {
            "rolls":{
                "min":1,
                "max":2
            },
            "conditions":[
                {
                    "condition":"minecraft:random_chance",
                    "chance":1.0
                    }
            ],
            "functions":[
                {
                    "function":"set_lore",
                    "lore":[
                        "MAHOU"
                    ]
                }
            ],
            "entries":[
                {
                    "type":"minecraft:item",
                    "name":"minecraft:arrow",
                    "functions":[
                        {
                            "function":"minecraft:set_count",
                            "count":{
                                "type":"uniform",
                                "min":16,
                                "max":48
                            }
                        }
                    ],
                    "weight":10
                }
            ]
        },
        {
            "rolls":{
                "min":2,
                "max":3
            },
            "conditions":[
                {
                    "condition":"minecraft:random_chance",
                    "chance":1.0
                    }
            ],
            "functions":[
                {
                    "function":"minecraft:set_nbt",
                    "tag":"{display:{Name:'{\"text\":\"yb币\",\"color\":\"cyan\",\"bold\":\"true\"}'}}"
                }
            ],
            "entries":[
                {
                    "type":"minecraft:item",
                    "name":"minecraft:sunflower",
                    "functions":[
                        {
                            "function":"minecraft:set_count",
                            "count":64
                        }
                    ],
                    "weight":10
                }
            ]
        }
    ]
}