{"stats":{"minecraft:picked_up":{"minecraft:chicken":1,"minecraft:elytra":1,"minecraft:iron_axe":8,"minecraft:white_carpet":8,"minecraft:armor_stand":1,"minecraft:oak_sign":8,"minecraft:gold_nugget":9,"minecraft:comparator":1,"minecraft:redstone_torch":12,"minecraft:chest":38,"minecraft:phantom_membrane":1,"minecraft:piston":463,"minecraft:porkchop":129,"minecraft:golden_axe":1,"minecraft:target":2,"minecraft:stone_button":1,"minecraft:redstone":45,"minecraft:stone_pressure_plate":1,"minecraft:tnt":2,"minecraft:rotten_flesh":6,"minecraft:arrow":1696,"minecraft:command_block":1,"minecraft:end_rod":4,"minecraft:totem_of_undying":185,"minecraft:cobblestone":3,"minecraft:repeater":6,"minecraft:water_bucket":2,"minecraft:gunpowder":1,"minecraft:white_banner":13,"minecraft:purple_carpet":5,"minecraft:glass":1,"minecraft:bow":1,"minecraft:powered_rail":5,"minecraft:sculk_catalyst":84,"minecraft:oak_pressure_plate":6,"minecraft:lava_bucket":1,"minecraft:amethyst_shard":162,"minecraft:prize_pottery_sherd":2,"minecraft:shulker_box":21,"minecraft:archer_pottery_sherd":2,"minecraft:firework_rocket":5450,"minecraft:lever":15,"minecraft:miner_pottery_sherd":2,"minecraft:crossbow":155,"minecraft:emerald":62,"minecraft:oak_button":30,"minecraft:sunflower":164},"minecraft:dropped":{"minecraft:water_bucket":2,"minecraft:porkchop":1,"minecraft:crossbow":126,"minecraft:birch_slab":1,"minecraft:lava_bucket":1,"minecraft:amethyst_shard":14,"minecraft:white_banner":5,"minecraft:iron_axe":2,"minecraft:bucket":1,"minecraft:redstone":2,"minecraft:totem_of_undying":1,"minecraft:shulker_box":21,"minecraft:netherite_leggings":1,"minecraft:arrow":65,"minecraft:firework_rocket":263},"minecraft:killed_by":{"minecraft:player":32,"minecraft:pillager":6,"minecraft:vindicator":1},"minecraft:killed":{"minecraft:evoker":9,"minecraft:vex":6,"minecraft:zombified_piglin":17,"minecraft:vindicator":109,"minecraft:phantom":1,"minecraft:warden":27,"minecraft:piglin_brute":4,"minecraft:pig":6,"minecraft:pillager":142,"minecraft:zombie":190,"minecraft:player":30,"minecraft:villager":169,"minecraft:blaze":11},"minecraft:crafted":{"minecraft:firework_star":2,"minecraft:crossbow":3,"minecraft:air":0,"minecraft:firework_rocket":73},"minecraft:used":{"minecraft:oak_trapdoor":2,"minecraft:moss_carpet":1,"minecraft:trident":7,"minecraft:flint_and_steel":74,"minecraft:redstone_ore":7,"minecraft:redstone":413,"minecraft:carrot_on_a_stick":6555,"minecraft:oak_sign":50,"minecraft:elytra":1,"minecraft:chest":3,"minecraft:stone":359,"minecraft:zombie_spawn_egg":47,"minecraft:bell":1,"minecraft:structure_block":88,"minecraft:sculk_sensor":4,"minecraft:soul_campfire":7,"minecraft:torch":4,"minecraft:soul_sand":1,"minecraft:target":95,"minecraft:anvil":9,"minecraft:white_carpet":28,"minecraft:hopper":22,"minecraft:shulker_box":6,"minecraft:tuff":80,"minecraft:spruce_fence":24,"minecraft:snowball":294,"minecraft:milk_bucket":6,"minecraft:obsidian":5,"minecraft:warden_spawn_egg":84,"minecraft:mossy_cobblestone_stairs":13,"minecraft:glass":245,"minecraft:honey_block":12,"minecraft:lava_bucket":177,"minecraft:villager_spawn_egg":216,"minecraft:slime_block":2,"minecraft:spawner":19,"minecraft:dark_oak_slab":2,"minecraft:mossy_cobblestone_slab":16,"minecraft:piglin_brute_spawn_egg":21,"minecraft:totem_of_undying":19,"minecraft:barrel":3,"minecraft:smooth_basalt":101,"minecraft:repeater":159,"minecraft:bow":321,"minecraft:magma_block":42,"minecraft:iron_trapdoor":13,"minecraft:trapped_chest":1,"minecraft:stone_pressure_plate":8,"minecraft:observer":29,"minecraft:command_block_minecart":3,"minecraft:water_bucket":6,"minecraft:end_rod":5,"minecraft:iron_ore":28,"minecraft:amethyst_block":120,"minecraft:powered_rail":18,"minecraft:composter":6,"minecraft:redstone_block":46,"minecraft:structure_void":8,"minecraft:beacon":44,"minecraft:vindicator_spawn_egg":115,"minecraft:conduit":2,"minecraft:white_wool":946,"minecraft:comparator":26,"minecraft:tnt":384,"minecraft:crafting_table":1,"minecraft:blue_ice":2,"minecraft:crossbow":14216,"minecraft:note_block":2,"minecraft:deepslate_lapis_ore":13,"minecraft:lightning_rod":16,"minecraft:redstone_torch":34,"minecraft:amethyst_cluster":6,"minecraft:sticky_piston":48,"minecraft:piston":33,"minecraft:lever":70,"minecraft:activator_rail":10,"minecraft:firework_rocket":8084,"minecraft:daylight_detector":3,"minecraft:command_block":187,"minecraft:oak_button":92,"minecraft:pig_spawn_egg":25,"minecraft:stone_button":11,"minecraft:oak_pressure_plate":16,"minecraft:budding_amethyst":33,"minecraft:deepslate":53,"minecraft:evoker_spawn_egg":22,"minecraft:cobblestone":12,"minecraft:grindstone":1,"minecraft:bucket":3,"minecraft:chain_command_block":46,"minecraft:chain":32,"minecraft:repeating_command_block":25,"minecraft:purple_carpet":34,"minecraft:pillager_spawn_egg":20},"minecraft:mined":{"minecraft:redstone_wire":1,"minecraft:medium_amethyst_bud":1},"minecraft:custom":{"minecraft:interact_with_anvil":11,"minecraft:mob_kills":714,"minecraft:inspect_hopper":130,"minecraft:interact_with_crafting_table":12,"minecraft:open_barrel":10,"minecraft:open_shulker_box":135,"minecraft:leave_game":14,"minecraft:time_since_death":73757,"minecraft:sprint_one_cm":688254,"minecraft:walk_one_cm":1959653,"minecraft:drop":153,"minecraft:talked_to_villager":136,"minecraft:target_hit":728,"minecraft:walk_under_water_one_cm":1255,"minecraft:play_time":1304394,"minecraft:deaths":85,"minecraft:sneak_time":18401,"minecraft:jump":4046,"minecraft:walk_on_water_one_cm":5027,"minecraft:total_world_time":1659914,"minecraft:traded_with_villager":19,"minecraft:tune_noteblock":1,"minecraft:interact_with_grindstone":2,"minecraft:time_since_rest":73808,"minecraft:damage_taken":31200,"minecraft:damage_absorbed":270,"minecraft:trigger_trapped_chest":97,"minecraft:damage_dealt":3638,"minecraft:interact_with_beacon":1,"minecraft:fly_one_cm":3122100,"minecraft:open_chest":137,"minecraft:crouch_one_cm":18069,"minecraft:aviate_one_cm":5576510,"minecraft:fall_one_cm":169516}},"DataVersion":3465}