{
    "pools":[
        {
            "rolls":1,
            "conditions":[
                {
                    "condition":"damage_source_properties",
                    "predicate":{
                        "source_entity":{
                            "player":{}
                        }
                    }
                }
            ],
            "functions":[
                {
                    "function":"set_lore",
                    "lore":[
                        "MAHOU"
                    ]
                }
            ],
            "entries":[
                {
                    "type":"minecraft:item",
                    "name":"minecraft:totem_of_undying",
                    "functions":[
                        {
                            "function":"set_count",
                            "count":{
                                "type":"uniform",
                                "min":1,    
                                "max":1
                            }
                        },
                        {
                            "function":"minecraft:set_nbt",
                            "tag":"{display:{Name:'{\"text\":\"不死mahou\",\"color\":\"red\",\"italic\":\"flase\"}'}}"
                        }
                    ],
                    "weight":5
                }
            ]
        }
    ]
}